Mbh,abh,AMexp,Mexp,filename,tff,Md,Mco,Rexp,MHe_form,AMfinal_He_form,R_He_form,Omega_mean_He_form,MHe_dep,AMfinal_He_dep,R_He_dep,Omega_mean_He_dep,Eacc
error,,,,,,,,,,,,,,,,,
error,,,,,,,,,,,,,,,,,
8.938e+00,0.112,7.782e+49,8.938068294867508,2/LOGS/profile35,0.0,0.0,6.534862370835724,1.206268080501829,8.998252161919673,8.284999999999999e+49,1.206268080501829,0.0001812775073258,8.955658023445467,7.956e+49,1.206268080501829,0.0001812775073258,0.0
1.090e+01,0.101,1.038e+50,10.904302719921851,3/LOGS/profile11,0.0,0.0,8.212380410409475,0.8827585633419937,10.996840342638556,1.125e+50,1.01307762135696,0.0001442306293774,10.917030840107495,1.0530000000000001e+50,0.8950315597923721,0.0001442306293774,0.0
1.286e+01,0.09061,1.3e+50,12.86284905683244,4/LOGS/profile15,0.0,0.0,9.931897789369172,0.8473446232505197,12.996818447594464,1.436e+50,1.113581049393665,0.0001239397365217,12.898853194260134,1.3440000000000001e+50,0.997859538499228,0.0001239397365217,0.0
1.482e+01,0.08314,1.574e+50,14.819475378112294,5/LOGS/profile32,0.0,0.0,11.295111634082652,0.9311934793895392,14.995898219566415,1.763e+50,1.2088825978116793,0.0001164032965727,14.852811424321985,1.618e+50,1.075430549770876,0.0001164032965727,0.0
1.680e+01,0.07775,1.897e+50,16.796576059445925,6/LOGS/profile33,0.0,0.0,12.52251579688742,0.9845345258675264,16.99298936866435,2.114e+50,1.2979613623518764,8.91125701149698e-05,16.805016020850616,1.91e+50,1.1999686878069842,8.91125701149698e-05,0.0
1.872e+01,0.07083,2.161e+50,18.71924978664701,7/LOGS/profile2,0.0,0.0,14.310665710727728,0.7055570452586378,18.991076980981436,2.4830000000000003e+50,1.37022537306434,0.0001068393182807,18.76336513180105,2.226e+50,1.2327657975957058,0.0001068393182807,0.0
2.066e+01,0.06751,2.48e+50,20.66079562160242,8/LOGS/profile31,0.0,0.0,15.34392657755656,0.7304018937542489,20.990110579497443,2.8850000000000003e+50,1.4599677632595247,0.0001039171386655,20.706795852084635,2.5520000000000003e+50,1.3018301571432762,0.0001039171386655,0.0
2.260e+01,0.06317,2.79e+50,22.60132873379703,9/LOGS/profile86,0.0,0.0,15.175533314670114,0.8707772062387114,22.99065679296949,3.292e+50,1.531292645039432,9.808244332242738e-05,22.65301351016181,2.874e+50,1.369116242471996,9.808244332242738e-05,0.0
2.454e+01,0.0605,3.144e+50,24.53723292088093,10/LOGS/profile4,0.0,0.0,20.2866031855556,0.8235434223673805,24.988453807279143,3.726e+50,1.6025844546231351,9.373901647413594e-05,24.58761074669316,3.227e+50,1.4351912498912718,9.373901647413594e-05,0.0
2.647e+01,0.05759,3.473e+50,26.47226242784079,11/LOGS/profile43,0.0,0.0,21.502558968452306,0.7727155238090473,26.987107854503545,4.156e+50,1.667056243428818,8.806228908246269e-05,26.529218217472422,3.569e+50,1.504348361705065,8.806228908246269e-05,0.0
2.843e+01,0.05461,3.8070000000000006e+50,28.42582628271153,12/LOGS/profile31,0.0,0.0,20.56418730574578,0.8878590285596979,28.98460245023484,4.552e+50,1.727574523385109,7.884504516263365e-05,28.44789776799612,3.842e+50,1.546682008765791,7.884504516263365e-05,0.0
3.034e+01,0.05159,4.138e+50,30.337195650851893,13/LOGS/profile21,0.0,0.0,25.33067243508254,0.6510370304854884,30.982942277958426,5.035e+50,1.8083795914325007,7.729773555553254e-05,30.38870567060803,4.23e+50,1.621952222883904,7.729773555553254e-05,0.0
3.227e+01,0.04934,4.447e+50,32.26942417750317,14/LOGS/profile66,0.0,0.0,23.49901062033885,1.042028477908154,32.98156354104504,5.451e+50,1.8517983785264227,7.962423190718952e-05,32.294992368548606,4.49e+50,1.6557731374411493,7.962423190718952e-05,0.0
3.419e+01,0.04667,4.756e+50,34.18958285457827,15/LOGS/profile60,0.0,0.0,25.82381214231441,1.0152188399808688,34.97884663675776,5.892e+50,1.912102881513687,6.826530487782223e-05,34.21682328887285,4.802e+50,1.7125180685303012,6.826530487782223e-05,0.0
3.611e+01,0.04526,5.1040000000000005e+50,36.10790721451999,16/LOGS/profile85,0.0,0.0,25.748697893422985,225.41519290103915,36.97373006812415,6.342e+50,225.41519290103915,7.417646897489207e-05,36.13959179462577,5.155e+50,225.41519290103915,7.417646897489207e-05,0.0
3.802e+01,0.04324,5.409e+50,38.01796881780173,17/LOGS/profile33,0.0,0.0,20.43402752770932,4.752094779415005,38.97557997891405,6.808e+50,4.752094779415005,9.420746621143168e-05,38.04999735448821,5.4630000000000005e+50,4.752094779415005,9.420746621143168e-05,0.0
3.992e+01,0.04217,5.812000000000001e+50,39.92299655534798,18/LOGS/profile65,0.0,0.0,18.368140897826127,329.3006934270711,40.97322009075578,7.313e+50,329.3006934270711,0.000103429100701,39.957563450709664,5.8660000000000005e+50,329.3006934270711,0.000103429100701,0.0
4.182e+01,0.03949,6.004e+50,41.82335161327435,19/LOGS/profile92,0.0,0.0,29.879794522674235,1.290026213678389,42.97009836994974,7.776e+50,2.1830826909133934,5.585648763187851e-05,41.894135190422894,6.15e+50,1.963343822282952,5.585648763187851e-05,0.0
4.374e+01,0.03948,6.547e+50,43.73647722398874,20/LOGS/profile51,0.0,0.0,39.16950957891744,1.389493882303817,44.96630340149383,8.247000000000001e+50,2.2012365575329143,5.047297119165288e-06,43.77494051385377,6.602e+50,1.968671079662735,6.873065716131896e-06,0.0
4.565e+01,0.03817,6.9800000000000005e+50,45.64605688750288,21/LOGS/profile47,0.0,0.0,40.94098465831758,0.6463521708576351,46.963418204230734,8.751e+50,2.265641631303692,4.812357315475572e-06,45.69193869623796,7.041e+50,2.0433591143241685,6.419951041402055e-06,0.0
4.755e+01,0.03699,7.3410000000000004e+50,47.5457815144913,22/LOGS/profile80,0.0,0.0,42.76476676567177,0.505163981315941,48.9625711726479,9.242e+50,2.3186127478600653,4.341914490958584e-05,47.59163764965472,7.402e+50,2.0886581675098417,4.341914490958584e-05,0.0
4.944e+01,0.03633,7.682e+50,49.43944435608783,23/LOGS/profile38,0.0,0.0,44.40268256503807,2.9990755713808754,50.9593509350936,9.704e+50,2.9990755713808754,4.649997487504046e-06,49.48717286870232,7.742e+50,2.9990755713808754,5.948795383860862e-06,0.0
5.135e+01,0.03474,8.039e+50,51.34698863808774,24/LOGS/profile61,0.0,0.0,46.08609793712223,0.5203077670315502,52.95743438666294,1.019e+51,2.4449797770306576,3.9411334710305336e-05,51.39782985682517,8.105e+50,2.2038759494617834,3.9411334710305336e-05,0.0
5.325e+01,0.03304,8.137e+50,53.249908439402326,25/LOGS/profile68,0.0,0.0,47.57547932790546,24.19059641413224,54.95363072413343,1.0750000000000001e+51,24.19059641413224,3.911305528487341e-05,53.307909628125294,8.234e+50,24.19059641413224,3.911305528487341e-05,0.0
5.514e+01,0.0318,8.486e+50,55.13854321664386,26/LOGS/profile100,0.0,0.0,49.37803778454123,0.5730655691942838,56.94877322561016,1.121e+51,2.565117682753206,3.8489757065802847e-05,55.2087219710892,8.592e+50,2.331852809492412,3.8489757065802847e-05,0.0
5.703e+01,0.03094,8.833e+50,57.03057416314854,27/LOGS/profile92,0.0,0.0,51.15428422928195,0.5765724650343083,58.94598921221407,1.1710000000000001e+51,2.6178799873766305,3.7355557777352535e-05,57.09844371107162,8.933e+50,2.386447423022381,3.7355557777352535e-05,0.0
5.887e+01,0.03142,9.44e+50,58.86512658535735,28/LOGS/profile30,0.0,0.0,52.713519075466095,0.6075607959426275,60.94597332691134,1.223e+51,2.605841117417626,4.110280084720452e-06,58.92771711264165,9.507e+50,2.346485221686068,4.696788062200231e-06,0.0
6.077e+01,0.03052,9.889e+50,60.76525241419999,29/LOGS/profile33,0.0,0.0,54.95220285927957,0.6283719261136274,62.93063713297354,1.272e+51,2.6714894531357047,4.005118005094958e-06,60.8303901971039,9.957e+50,2.417849444704136,4.53640031436869e-06,0.0
6.267e+01,0.02936,1.005e+51,62.67364315059531,30/LOGS/profile73,0.0,0.0,53.85409725376643,0.6534171305535842,64.93913527039511,1.329e+51,2.7494158979480985,3.0084647339906368e-05,62.74257180433794,1.014e+51,2.5083652326678894,3.0084647339906368e-05,0.0
6.456e+01,0.02782,1.0030000000000001e+51,64.55605316305517,31/LOGS/profile60,0.0,0.0,51.6511101323973,0.6913386430522448,66.93210844790757,1.3760000000000001e+51,2.816087372749107,3.0427277923048265e-05,64.6279410886101,1.0130000000000001e+51,2.564710028649406,3.0427277923048265e-05,0.0
6.638e+01,0.0286,1.0920000000000001e+51,66.37962608197111,32/LOGS/profile36,0.0,0.0,59.87518985952949,0.6984105276313536,68.9295444895232,1.425e+51,2.794888428090983,3.71856333936472e-06,66.45368454981795,1.1000000000000001e+51,2.531461286533845,4.105635000678179e-06,0.0
6.830e+01,0.02658,1.0730000000000001e+51,68.29966655744782,33/LOGS/profile47,0.0,0.0,55.24850405484479,0.7389442569608106,70.92596030887678,1.478e+51,2.90803888514,4.50599116138738e-06,68.3780961782516,1.0840000000000001e+51,2.6496284628652167,4.50599116138738e-06,0.0
7.018e+01,0.02683,1.159e+51,70.17632282263222,34/LOGS/profile60,0.0,0.0,53.32746998587982,0.7408237531804793,72.9281423623215,1.529e+51,2.941285166315129,1.4556365450268948e-05,70.2577313324995,1.167e+51,2.69562007496991,1.4556365450268948e-05,0.0
7.199e+01,0.02717,1.222e+51,71.99410222345988,35/LOGS/profile29,0.0,0.0,60.4400321151176,0.7412277391498089,74.92358801044867,1.586e+51,2.936919861003895,3.509637866580297e-06,72.0784067330303,1.228e+51,2.672660250719524,3.60601038561356e-06,0.0
7.393e+01,0.02621,1.2430000000000001e+51,73.9252899087891,36/LOGS/profile49,0.0,0.0,56.445353652551816,0.816133215751305,76.91137037319751,1.635e+51,3.045926590311094,3.638925114233384e-06,74.01600165030784,1.251e+51,2.804952809454796,3.638925114233384e-06,0.0
7.577e+01,0.0253,1.2600000000000001e+51,75.77414848914381,37/LOGS/profile44,0.0,0.0,61.18886400433566,0.8604780894824848,78.91591284162818,1.6850000000000002e+51,3.083733228338565,2.947659275824994e-06,75.86586019841663,1.2690000000000001e+51,2.8285678492387616,3.538130905788689e-06,0.0
error,,,,,,,,,,,,,,,,,
error,,,,,,,,,,,,,,,,,
error,,,,,,,,,,,,,,,,,
error,,,,,,,,,,,,,,,,,
error,,,,,,,,,,,,,,,,,
error,,,,,,,,,,,,,,,,,
error,,,,,,,,,,,,,,,,,
error,,,,,,,,,,,,,,,,,
error,,,,,,,,,,,,,,,,,
error,,,,,,,,,,,,,,,,,
error,,,,,,,,,,,,,,,,,
error,,,,,,,,,,,,,,,,,
error,,,,,,,,,,,,,,,,,
error,,,,,,,,,,,,,,,,,
error,,,,,,,,,,,,,,,,,
error,,,,,,,,,,,,,,,,,
error,,,,,,,,,,,,,,,,,
error,,,,,,,,,,,,,,,,,
error,,,,,,,,,,,,,,,,,
error,,,,,,,,,,,,,,,,,
error,,,,,,,,,,,,,,,,,
error,,,,,,,,,,,,,,,,,
error,,,,,,,,,,,,,,,,,
error,,,,,,,,,,,,,,,,,
error,,,,,,,,,,,,,,,,,
error,,,,,,,,,,,,,,,,,
error,,,,,,,,,,,,,,,,,
6.262e+01,0.1311,4.5080000000000005e+51,62.61594263806825,68/LOGS/profile36,0.0,0.0,55.39429102643686,0.6369593359897303,64.93581328094163,6.645000000000001e+51,2.748251423275978,1.963781449050916e-05,62.6870685431866,4.591e+51,2.501272159088645,2.7631827147190595e-05,0.0
6.450e+01,0.1256,4.571e+51,64.50361965177183,69/LOGS/profile49,0.0,0.0,51.65643626495444,0.678302711302356,66.9317064326443,6.884000000000001e+51,2.8181333621013085,3.0561946840951815e-05,64.57764823186282,4.661e+51,2.565020288289132,3.0561946840951815e-05,0.0
6.636e+01,0.1242,4.702e+51,66.35899589448607,70/LOGS/profile34,0.0,0.0,57.23230954037891,0.6967443058577782,68.925091514068,7.125e+51,2.851949106745831,1.869515592497141e-05,66.43728397280563,4.795e+51,2.592596825550712,2.55353474175598e-05,0.0
6.822e+01,0.1231,4.928e+51,68.21510749896795,71/LOGS/profile27,0.0,0.0,60.51974716768336,0.7330819220567264,70.93143104590521,7.399000000000001e+51,2.862817156932276,1.830859416768365e-05,68.29693179536396,5.018e+51,2.6110379147073086,2.456413397322464e-05,0.0
7.006e+01,0.1203,5.0760000000000005e+51,70.06183661847724,72/LOGS/profile29,0.0,0.0,59.104011039572256,0.7365518302394337,72.92685375416985,7.648e+51,2.8847082021421224,1.7903012639176385e-05,70.1479273455759,5.172e+51,2.6286209316059206,2.401748112295973e-05,0.0
7.193e+01,0.117,5.2110000000000004e+51,71.92516418542672,73/LOGS/profile31,0.0,0.0,62.78977186726621,0.7742941344403459,74.91664473721582,7.927e+51,2.9287179124718428,1.7590550799580356e-05,72.01101825864669,5.31e+51,2.665872979031935,2.398807741587104e-05,0.0
7.384e+01,0.1128,5.297e+51,73.8352498601045,74/LOGS/profile32,0.0,0.0,59.85921612050036,0.8306165697470145,76.9171659079988,8.185e+51,3.0246136180834275,1.7206237779570333e-05,73.92839844288751,5.401e+51,2.775022846777237,2.225244893739597e-05,0.0
7.567e+01,0.1089,5.3700000000000004e+51,75.66614097331323,75/LOGS/profile32,0.0,0.0,61.5580078819077,0.8455944743087355,78.91629251798432,8.431e+51,3.046175108482764,1.6843217281057527e-05,75.75990289702256,5.471e+51,2.780876716637047,2.143219678075523e-05,0.0
error,,,,,,,,,,,,,,,,,
error,,,,,,,,,,,,,,,,,
error,,,,,,,,,,,,,,,,,
error,,,,,,,,,,,,,,,,,
error,,,,,,,,,,,,,,,,,
error,,,,,,,,,,,,,,,,,
error,,,,,,,,,,,,,,,,,
error,,,,,,,,,,,,,,,,,
error,,,,,,,,,,,,,,,,,
error,,,,,,,,,,,,,,,,,
error,,,,,,,,,,,,,,,,,
error,,,,,,,,,,,,,,,,,
error,,,,,,,,,,,,,,,,,
error,,,,,,,,,,,,,,,,,
error,,,,,,,,,,,,,,,,,
error,,,,,,,,,,,,,,,,,
error,,,,,,,,,,,,,,,,,
error,,,,,,,,,,,,,,,,,
error,,,,,,,,,,,,,,,,,
error,,,,,,,,,,,,,,,,,
error,,,,,,,,,,,,,,,,,
error,,,,,,,,,,,,,,,,,
error,,,,,,,,,,,,,,,,,
error,,,,,,,,,,,,,,,,,
error,,,,,,,,,,,,,,,,,
error,,,,,,,,,,,,,,,,,
error,,,,,,,,,,,,,,,,,
error,,,,,,,,,,,,,,,,,
error,,,,,,,,,,,,,,,,,
error,,,,,,,,,,,,,,,,,
error,,,,,,,,,,,,,,,,,
error,,,,,,,,,,,,,,,,,
error,,,,,,,,,,,,,,,,,
error,,,,,,,,,,,,,,,,,
error,,,,,,,,,,,,,,,,,
error,,,,,,,,,,,,,,,,,
error,,,,,,,,,,,,,,,,,
error,,,,,,,,,,,,,,,,,
error,,,,,,,,,,,,,,,,,
error,,,,,,,,,,,,,,,,,
error,,,,,,,,,,,,,,,,,
error,,,,,,,,,,,,,,,,,
error,,,,,,,,,,,,,,,,,
error,,,,,,,,,,,,,,,,,
error,,,,,,,,,,,,,,,,,
error,,,,,,,,,,,,,,,,,
error,,,,,,,,,,,,,,,,,
error,,,,,,,,,,,,,,,,,
error,,,,,,,,,,,,,,,,,
error,,,,,,,,,,,,,,,,,
error,,,,,,,,,,,,,,,,,
error,,,,,,,,,,,,,,,,,
error,,,,,,,,,,,,,,,,,
error,,,,,,,,,,,,,,,,,
error,,,,,,,,,,,,,,,,,
error,,,,,,,,,,,,,,,,,
error,,,,,,,,,,,,,,,,,
error,,,,,,,,,,,,,,,,,
error,,,,,,,,,,,,,,,,,
error,,,,,,,,,,,,,,,,,
error,,,,,,,,,,,,,,,,,
error,,,,,,,,,,,,,,,,,
error,,,,,,,,,,,,,,,,,
error,,,,,,,,,,,,,,,,,
error,,,,,,,,,,,,,,,,,
error,,,,,,,,,,,,,,,,,
error,,,,,,,,,,,,,,,,,
error,,,,,,,,,,,,,,,,,
error,,,,,,,,,,,,,,,,,
error,,,,,,,,,,,,,,,,,
error,,,,,,,,,,,,,,,,,
error,,,,,,,,,,,,,,,,,
error,,,,,,,,,,,,,,,,,
error,,,,,,,,,,,,,,,,,
error,,,,,,,,,,,,,,,,,
error,,,,,,,,,,,,,,,,,
error,,,,,,,,,,,,,,,,,
error,,,,,,,,,,,,,,,,,
error,,,,,,,,,,,,,,,,,
error,,,,,,,,,,,,,,,,,
error,,,,,,,,,,,,,,,,,
error,,,,,,,,,,,,,,,,,
error,,,,,,,,,,,,,,,,,
error,,,,,,,,,,,,,,,,,
error,,,,,,,,,,,,,,,,,
error,,,,,,,,,,,,,,,,,
error,,,,,,,,,,,,,,,,,
error,,,,,,,,,,,,,,,,,
error,,,,,,,,,,,,,,,,,
error,,,,,,,,,,,,,,,,,
error,,,,,,,,,,,,,,,,,
error,,,,,,,,,,,,,,,,,
error,,,,,,,,,,,,,,,,,
error,,,,,,,,,,,,,,,,,
error,,,,,,,,,,,,,,,,,
error,,,,,,,,,,,,,,,,,
error,,,,,,,,,,,,,,,,,
error,,,,,,,,,,,,,,,,,
error,,,,,,,,,,,,,,,,,
error,,,,,,,,,,,,,,,,,
error,,,,,,,,,,,,,,,,,
error,,,,,,,,,,,,,,,,,
error,,,,,,,,,,,,,,,,,
error,,,,,,,,,,,,,,,,,
error,,,,,,,,,,,,,,,,,
error,,,,,,,,,,,,,,,,,
error,,,,,,,,,,,,,,,,,
error,,,,,,,,,,,,,,,,,
error,,,,,,,,,,,,,,,,,
error,,,,,,,,,,,,,,,,,
error,,,,,,,,,,,,,,,,,
error,,,,,,,,,,,,,,,,,
error,,,,,,,,,,,,,,,,,
error,,,,,,,,,,,,,,,,,
error,,,,,,,,,,,,,,,,,
error,,,,,,,,,,,,,,,,,
error,,,,,,,,,,,,,,,,,
error,,,,,,,,,,,,,,,,,
error,,,,,,,,,,,,,,,,,
error,,,,,,,,,,,,,,,,,
error,,,,,,,,,,,,,,,,,
error,,,,,,,,,,,,,,,,,
error,,,,,,,,,,,,,,,,,
error,,,,,,,,,,,,,,,,,
error,,,,,,,,,,,,,,,,,
error,,,,,,,,,,,,,,,,,
error,,,,,,,,,,,,,,,,,
error,,,,,,,,,,,,,,,,,
error,,,,,,,,,,,,,,,,,
error,,,,,,,,,,,,,,,,,
error,,,,,,,,,,,,,,,,,
error,,,,,,,,,,,,,,,,,
error,,,,,,,,,,,,,,,,,
error,,,,,,,,,,,,,,,,,
error,,,,,,,,,,,,,,,,,
error,,,,,,,,,,,,,,,,,
error,,,,,,,,,,,,,,,,,
error,,,,,,,,,,,,,,,,,
error,,,,,,,,,,,,,,,,,
error,,,,,,,,,,,,,,,,,
error,,,,,,,,,,,,,,,,,
error,,,,,,,,,,,,,,,,,
error,,,,,,,,,,,,,,,,,
error,,,,,,,,,,,,,,,,,
error,,,,,,,,,,,,,,,,,
error,,,,,,,,,,,,,,,,,
error,,,,,,,,,,,,,,,,,
error,,,,,,,,,,,,,,,,,
error,,,,,,,,,,,,,,,,,
error,,,,,,,,,,,,,,,,,
error,,,,,,,,,,,,,,,,,
error,,,,,,,,,,,,,,,,,
error,,,,,,,,,,,,,,,,,
error,,,,,,,,,,,,,,,,,
error,,,,,,,,,,,,,,,,,
error,,,,,,,,,,,,,,,,,
error,,,,,,,,,,,,,,,,,
error,,,,,,,,,,,,,,,,,
error,,,,,,,,,,,,,,,,,
error,,,,,,,,,,,,,,,,,
error,,,,,,,,,,,,,,,,,
error,,,,,,,,,,,,,,,,,
error,,,,,,,,,,,,,,,,,
error,,,,,,,,,,,,,,,,,
error,,,,,,,,,,,,,,,,,
error,,,,,,,,,,,,,,,,,
error,,,,,,,,,,,,,,,,,
error,,,,,,,,,,,,,,,,,
error,,,,,,,,,,,,,,,,,
error,,,,,,,,,,,,,,,,,
error,,,,,,,,,,,,,,,,,
error,,,,,,,,,,,,,,,,,
error,,,,,,,,,,,,,,,,,
error,,,,,,,,,,,,,,,,,
error,,,,,,,,,,,,,,,,,
error,,,,,,,,,,,,,,,,,
error,,,,,,,,,,,,,,,,,
error,,,,,,,,,,,,,,,,,
error,,,,,,,,,,,,,,,,,
error,,,,,,,,,,,,,,,,,
error,,,,,,,,,,,,,,,,,
error,,,,,,,,,,,,,,,,,
error,,,,,,,,,,,,,,,,,
error,,,,,,,,,,,,,,,,,
error,,,,,,,,,,,,,,,,,
error,,,,,,,,,,,,,,,,,
error,,,,,,,,,,,,,,,,,
error,,,,,,,,,,,,,,,,,
error,,,,,,,,,,,,,,,,,
error,,,,,,,,,,,,,,,,,
error,,,,,,,,,,,,,,,,,
error,,,,,,,,,,,,,,,,,
error,,,,,,,,,,,,,,,,,
error,,,,,,,,,,,,,,,,,
error,,,,,,,,,,,,,,,,,
error,,,,,,,,,,,,,,,,,
error,,,,,,,,,,,,,,,,,
error,,,,,,,,,,,,,,,,,
error,,,,,,,,,,,,,,,,,
error,,,,,,,,,,,,,,,,,
error,,,,,,,,,,,,,,,,,
error,,,,,,,,,,,,,,,,,
error,,,,,,,,,,,,,,,,,
error,,,,,,,,,,,,,,,,,
error,,,,,,,,,,,,,,,,,
error,,,,,,,,,,,,,,,,,
error,,,,,,,,,,,,,,,,,
error,,,,,,,,,,,,,,,,,
error,,,,,,,,,,,,,,,,,
error,,,,,,,,,,,,,,,,,
error,,,,,,,,,,,,,,,,,
error,,,,,,,,,,,,,,,,,
error,,,,,,,,,,,,,,,,,
error,,,,,,,,,,,,,,,,,
error,,,,,,,,,,,,,,,,,
error,,,,,,,,,,,,,,,,,
error,,,,,,,,,,,,,,,,,
error,,,,,,,,,,,,,,,,,
error,,,,,,,,,,,,,,,,,
error,,,,,,,,,,,,,,,,,
error,,,,,,,,,,,,,,,,,
error,,,,,,,,,,,,,,,,,
error,,,,,,,,,,,,,,,,,
error,,,,,,,,,,,,,,,,,
error,,,,,,,,,,,,,,,,,
error,,,,,,,,,,,,,,,,,
error,,,,,,,,,,,,,,,,,
error,,,,,,,,,,,,,,,,,
error,,,,,,,,,,,,,,,,,
error,,,,,,,,,,,,,,,,,
error,,,,,,,,,,,,,,,,,
error,,,,,,,,,,,,,,,,,
error,,,,,,,,,,,,,,,,,
error,,,,,,,,,,,,,,,,,
error,,,,,,,,,,,,,,,,,
error,,,,,,,,,,,,,,,,,
error,,,,,,,,,,,,,,,,,
error,,,,,,,,,,,,,,,,,
error,,,,,,,,,,,,,,,,,
error,,,,,,,,,,,,,,,,,
error,,,,,,,,,,,,,,,,,
error,,,,,,,,,,,,,,,,,
error,,,,,,,,,,,,,,,,,
error,,,,,,,,,,,,,,,,,
error,,,,,,,,,,,,,,,,,
error,,,,,,,,,,,,,,,,,
error,,,,,,,,,,,,,,,,,
error,,,,,,,,,,,,,,,,,
error,,,,,,,,,,,,,,,,,
error,,,,,,,,,,,,,,,,,
error,,,,,,,,,,,,,,,,,
error,,,,,,,,,,,,,,,,,
error,,,,,,,,,,,,,,,,,
error,,,,,,,,,,,,,,,,,
error,,,,,,,,,,,,,,,,,
error,,,,,,,,,,,,,,,,,
error,,,,,,,,,,,,,,,,,
error,,,,,,,,,,,,,,,,,
error,,,,,,,,,,,,,,,,,
error,,,,,,,,,,,,,,,,,
error,,,,,,,,,,,,,,,,,
error,,,,,,,,,,,,,,,,,
error,,,,,,,,,,,,,,,,,
error,,,,,,,,,,,,,,,,,
error,,,,,,,,,,,,,,,,,
error,,,,,,,,,,,,,,,,,
error,,,,,,,,,,,,,,,,,
error,,,,,,,,,,,,,,,,,
error,,,,,,,,,,,,,,,,,
error,,,,,,,,,,,,,,,,,
error,,,,,,,,,,,,,,,,,
error,,,,,,,,,,,,,,,,,
error,,,,,,,,,,,,,,,,,
error,,,,,,,,,,,,,,,,,
error,,,,,,,,,,,,,,,,,
error,,,,,,,,,,,,,,,,,
error,,,,,,,,,,,,,,,,,
error,,,,,,,,,,,,,,,,,
error,,,,,,,,,,,,,,,,,
error,,,,,,,,,,,,,,,,,
error,,,,,,,,,,,,,,,,,
error,,,,,,,,,,,,,,,,,
error,,,,,,,,,,,,,,,,,
error,,,,,,,,,,,,,,,,,
error,,,,,,,,,,,,,,,,,
error,,,,,,,,,,,,,,,,,
error,,,,,,,,,,,,,,,,,
error,,,,,,,,,,,,,,,,,
error,,,,,,,,,,,,,,,,,
error,,,,,,,,,,,,,,,,,
error,,,,,,,,,,,,,,,,,
error,,,,,,,,,,,,,,,,,
error,,,,,,,,,,,,,,,,,
error,,,,,,,,,,,,,,,,,
error,,,,,,,,,,,,,,,,,
error,,,,,,,,,,,,,,,,,
error,,,,,,,,,,,,,,,,,
error,,,,,,,,,,,,,,,,,
error,,,,,,,,,,,,,,,,,
error,,,,,,,,,,,,,,,,,
error,,,,,,,,,,,,,,,,,
error,,,,,,,,,,,,,,,,,
error,,,,,,,,,,,,,,,,,
error,,,,,,,,,,,,,,,,,
error,,,,,,,,,,,,,,,,,
error,,,,,,,,,,,,,,,,,
error,,,,,,,,,,,,,,,,,
error,,,,,,,,,,,,,,,,,
error,,,,,,,,,,,,,,,,,
error,,,,,,,,,,,,,,,,,
error,,,,,,,,,,,,,,,,,
error,,,,,,,,,,,,,,,,,
error,,,,,,,,,,,,,,,,,
error,,,,,,,,,,,,,,,,,
error,,,,,,,,,,,,,,,,,
error,,,,,,,,,,,,,,,,,
error,,,,,,,,,,,,,,,,,
error,,,,,,,,,,,,,,,,,
error,,,,,,,,,,,,,,,,,
error,,,,,,,,,,,,,,,,,
error,,,,,,,,,,,,,,,,,
error,,,,,,,,,,,,,,,,,
error,,,,,,,,,,,,,,,,,
error,,,,,,,,,,,,,,,,,
error,,,,,,,,,,,,,,,,,
error,,,,,,,,,,,,,,,,,
error,,,,,,,,,,,,,,,,,
error,,,,,,,,,,,,,,,,,
error,,,,,,,,,,,,,,,,,
error,,,,,,,,,,,,,,,,,
error,,,,,,,,,,,,,,,,,
error,,,,,,,,,,,,,,,,,
error,,,,,,,,,,,,,,,,,
error,,,,,,,,,,,,,,,,,
error,,,,,,,,,,,,,,,,,
error,,,,,,,,,,,,,,,,,
error,,,,,,,,,,,,,,,,,
error,,,,,,,,,,,,,,,,,
error,,,,,,,,,,,,,,,,,
error,,,,,,,,,,,,,,,,,
error,,,,,,,,,,,,,,,,,
error,,,,,,,,,,,,,,,,,
error,,,,,,,,,,,,,,,,,
error,,,,,,,,,,,,,,,,,
error,,,,,,,,,,,,,,,,,
error,,,,,,,,,,,,,,,,,
error,,,,,,,,,,,,,,,,,
error,,,,,,,,,,,,,,,,,
error,,,,,,,,,,,,,,,,,
error,,,,,,,,,,,,,,,,,
error,,,,,,,,,,,,,,,,,
error,,,,,,,,,,,,,,,,,
error,,,,,,,,,,,,,,,,,
error,,,,,,,,,,,,,,,,,
error,,,,,,,,,,,,,,,,,
error,,,,,,,,,,,,,,,,,
error,,,,,,,,,,,,,,,,,
error,,,,,,,,,,,,,,,,,
error,,,,,,,,,,,,,,,,,
error,,,,,,,,,,,,,,,,,
error,,,,,,,,,,,,,,,,,
error,,,,,,,,,,,,,,,,,
error,,,,,,,,,,,,,,,,,
error,,,,,,,,,,,,,,,,,
error,,,,,,,,,,,,,,,,,
error,,,,,,,,,,,,,,,,,
error,,,,,,,,,,,,,,,,,
error,,,,,,,,,,,,,,,,,
error,,,,,,,,,,,,,,,,,
error,,,,,,,,,,,,,,,,,
error,,,,,,,,,,,,,,,,,
error,,,,,,,,,,,,,,,,,
error,,,,,,,,,,,,,,,,,
error,,,,,,,,,,,,,,,,,
error,,,,,,,,,,,,,,,,,
error,,,,,,,,,,,,,,,,,
error,,,,,,,,,,,,,,,,,
error,,,,,,,,,,,,,,,,,
error,,,,,,,,,,,,,,,,,
error,,,,,,,,,,,,,,,,,
error,,,,,,,,,,,,,,,,,
error,,,,,,,,,,,,,,,,,
error,,,,,,,,,,,,,,,,,
error,,,,,,,,,,,,,,,,,
error,,,,,,,,,,,,,,,,,
error,,,,,,,,,,,,,,,,,
error,,,,,,,,,,,,,,,,,
error,,,,,,,,,,,,,,,,,
error,,,,,,,,,,,,,,,,,
error,,,,,,,,,,,,,,,,,
error,,,,,,,,,,,,,,,,,
error,,,,,,,,,,,,,,,,,
error,,,,,,,,,,,,,,,,,
error,,,,,,,,,,,,,,,,,
error,,,,,,,,,,,,,,,,,
error,,,,,,,,,,,,,,,,,
error,,,,,,,,,,,,,,,,,
error,,,,,,,,,,,,,,,,,
error,,,,,,,,,,,,,,,,,
error,,,,,,,,,,,,,,,,,
error,,,,,,,,,,,,,,,,,
error,,,,,,,,,,,,,,,,,
error,,,,,,,,,,,,,,,,,
error,,,,,,,,,,,,,,,,,
error,,,,,,,,,,,,,,,,,
error,,,,,,,,,,,,,,,,,
error,,,,,,,,,,,,,,,,,
error,,,,,,,,,,,,,,,,,
error,,,,,,,,,,,,,,,,,
error,,,,,,,,,,,,,,,,,
error,,,,,,,,,,,,,,,,,
error,,,,,,,,,,,,,,,,,
error,,,,,,,,,,,,,,,,,
error,,,,,,,,,,,,,,,,,
error,,,,,,,,,,,,,,,,,
error,,,,,,,,,,,,,,,,,
error,,,,,,,,,,,,,,,,,
error,,,,,,,,,,,,,,,,,
error,,,,,,,,,,,,,,,,,
error,,,,,,,,,,,,,,,,,
error,,,,,,,,,,,,,,,,,
error,,,,,,,,,,,,,,,,,
error,,,,,,,,,,,,,,,,,
error,,,,,,,,,,,,,,,,,
error,,,,,,,,,,,,,,,,,
error,,,,,,,,,,,,,,,,,
error,,,,,,,,,,,,,,,,,
error,,,,,,,,,,,,,,,,,
error,,,,,,,,,,,,,,,,,
error,,,,,,,,,,,,,,,,,
error,,,,,,,,,,,,,,,,,
error,,,,,,,,,,,,,,,,,
error,,,,,,,,,,,,,,,,,
error,,,,,,,,,,,,,,,,,
error,,,,,,,,,,,,,,,,,
error,,,,,,,,,,,,,,,,,
error,,,,,,,,,,,,,,,,,
error,,,,,,,,,,,,,,,,,
error,,,,,,,,,,,,,,,,,
error,,,,,,,,,,,,,,,,,
error,,,,,,,,,,,,,,,,,
error,,,,,,,,,,,,,,,,,
error,,,,,,,,,,,,,,,,,
error,,,,,,,,,,,,,,,,,
error,,,,,,,,,,,,,,,,,
error,,,,,,,,,,,,,,,,,
error,,,,,,,,,,,,,,,,,
error,,,,,,,,,,,,,,,,,
error,,,,,,,,,,,,,,,,,
error,,,,,,,,,,,,,,,,,
error,,,,,,,,,,,,,,,,,
error,,,,,,,,,,,,,,,,,
error,,,,,,,,,,,,,,,,,
error,,,,,,,,,,,,,,,,,
error,,,,,,,,,,,,,,,,,
error,,,,,,,,,,,,,,,,,
error,,,,,,,,,,,,,,,,,
error,,,,,,,,,,,,,,,,,
error,,,,,,,,,,,,,,,,,
error,,,,,,,,,,,,,,,,,
error,,,,,,,,,,,,,,,,,
error,,,,,,,,,,,,,,,,,
error,,,,,,,,,,,,,,,,,
error,,,,,,,,,,,,,,,,,
error,,,,,,,,,,,,,,,,,
error,,,,,,,,,,,,,,,,,
error,,,,,,,,,,,,,,,,,
error,,,,,,,,,,,,,,,,,
error,,,,,,,,,,,,,,,,,
error,,,,,,,,,,,,,,,,,
error,,,,,,,,,,,,,,,,,
error,,,,,,,,,,,,,,,,,
error,,,,,,,,,,,,,,,,,
error,,,,,,,,,,,,,,,,,
error,,,,,,,,,,,,,,,,,
error,,,,,,,,,,,,,,,,,
error,,,,,,,,,,,,,,,,,
error,,,,,,,,,,,,,,,,,
error,,,,,,,,,,,,,,,,,
error,,,,,,,,,,,,,,,,,
error,,,,,,,,,,,,,,,,,
error,,,,,,,,,,,,,,,,,
error,,,,,,,,,,,,,,,,,
error,,,,,,,,,,,,,,,,,
error,,,,,,,,,,,,,,,,,
error,,,,,,,,,,,,,,,,,
error,,,,,,,,,,,,,,,,,
error,,,,,,,,,,,,,,,,,
error,,,,,,,,,,,,,,,,,
error,,,,,,,,,,,,,,,,,
error,,,,,,,,,,,,,,,,,
error,,,,,,,,,,,,,,,,,
error,,,,,,,,,,,,,,,,,
error,,,,,,,,,,,,,,,,,
error,,,,,,,,,,,,,,,,,
error,,,,,,,,,,,,,,,,,
error,,,,,,,,,,,,,,,,,
error,,,,,,,,,,,,,,,,,
error,,,,,,,,,,,,,,,,,
error,,,,,,,,,,,,,,,,,
error,,,,,,,,,,,,,,,,,
error,,,,,,,,,,,,,,,,,
error,,,,,,,,,,,,,,,,,
error,,,,,,,,,,,,,,,,,
error,,,,,,,,,,,,,,,,,
error,,,,,,,,,,,,,,,,,
error,,,,,,,,,,,,,,,,,
error,,,,,,,,,,,,,,,,,
error,,,,,,,,,,,,,,,,,
error,,,,,,,,,,,,,,,,,
error,,,,,,,,,,,,,,,,,
error,,,,,,,,,,,,,,,,,
error,,,,,,,,,,,,,,,,,
error,,,,,,,,,,,,,,,,,
error,,,,,,,,,,,,,,,,,
error,,,,,,,,,,,,,,,,,
error,,,,,,,,,,,,,,,,,
error,,,,,,,,,,,,,,,,,
error,,,,,,,,,,,,,,,,,
error,,,,,,,,,,,,,,,,,
error,,,,,,,,,,,,,,,,,
error,,,,,,,,,,,,,,,,,
error,,,,,,,,,,,,,,,,,
error,,,,,,,,,,,,,,,,,
error,,,,,,,,,,,,,,,,,
error,,,,,,,,,,,,,,,,,
error,,,,,,,,,,,,,,,,,
error,,,,,,,,,,,,,,,,,
error,,,,,,,,,,,,,,,,,
error,,,,,,,,,,,,,,,,,
error,,,,,,,,,,,,,,,,,
error,,,,,,,,,,,,,,,,,
error,,,,,,,,,,,,,,,,,
error,,,,,,,,,,,,,,,,,
error,,,,,,,,,,,,,,,,,
error,,,,,,,,,,,,,,,,,
error,,,,,,,,,,,,,,,,,
error,,,,,,,,,,,,,,,,,
error,,,,,,,,,,,,,,,,,
error,,,,,,,,,,,,,,,,,
error,,,,,,,,,,,,,,,,,
error,,,,,,,,,,,,,,,,,
error,,,,,,,,,,,,,,,,,
error,,,,,,,,,,,,,,,,,
error,,,,,,,,,,,,,,,,,
error,,,,,,,,,,,,,,,,,
error,,,,,,,,,,,,,,,,,
error,,,,,,,,,,,,,,,,,
error,,,,,,,,,,,,,,,,,
error,,,,,,,,,,,,,,,,,
error,,,,,,,,,,,,,,,,,
error,,,,,,,,,,,,,,,,,
error,,,,,,,,,,,,,,,,,
error,,,,,,,,,,,,,,,,,
error,,,,,,,,,,,,,,,,,
error,,,,,,,,,,,,,,,,,
error,,,,,,,,,,,,,,,,,
error,,,,,,,,,,,,,,,,,
error,,,,,,,,,,,,,,,,,
error,,,,,,,,,,,,,,,,,
error,,,,,,,,,,,,,,,,,
error,,,,,,,,,,,,,,,,,
error,,,,,,,,,,,,,,,,,
error,,,,,,,,,,,,,,,,,
error,,,,,,,,,,,,,,,,,
error,,,,,,,,,,,,,,,,,
error,,,,,,,,,,,,,,,,,
error,,,,,,,,,,,,,,,,,
error,,,,,,,,,,,,,,,,,
error,,,,,,,,,,,,,,,,,
error,,,,,,,,,,,,,,,,,
error,,,,,,,,,,,,,,,,,
error,,,,,,,,,,,,,,,,,
error,,,,,,,,,,,,,,,,,
error,,,,,,,,,,,,,,,,,
error,,,,,,,,,,,,,,,,,
error,,,,,,,,,,,,,,,,,
error,,,,,,,,,,,,,,,,,
error,,,,,,,,,,,,,,,,,
error,,,,,,,,,,,,,,,,,
error,,,,,,,,,,,,,,,,,
error,,,,,,,,,,,,,,,,,
error,,,,,,,,,,,,,,,,,
error,,,,,,,,,,,,,,,,,
error,,,,,,,,,,,,,,,,,
error,,,,,,,,,,,,,,,,,
error,,,,,,,,,,,,,,,,,
error,,,,,,,,,,,,,,,,,
error,,,,,,,,,,,,,,,,,
error,,,,,,,,,,,,,,,,,
error,,,,,,,,,,,,,,,,,
error,,,,,,,,,,,,,,,,,
error,,,,,,,,,,,,,,,,,
error,,,,,,,,,,,,,,,,,
error,,,,,,,,,,,,,,,,,
error,,,,,,,,,,,,,,,,,
error,,,,,,,,,,,,,,,,,
error,,,,,,,,,,,,,,,,,
error,,,,,,,,,,,,,,,,,
error,,,,,,,,,,,,,,,,,
error,,,,,,,,,,,,,,,,,
error,,,,,,,,,,,,,,,,,
error,,,,,,,,,,,,,,,,,
error,,,,,,,,,,,,,,,,,
error,,,,,,,,,,,,,,,,,
error,,,,,,,,,,,,,,,,,
error,,,,,,,,,,,,,,,,,
error,,,,,,,,,,,,,,,,,
error,,,,,,,,,,,,,,,,,
error,,,,,,,,,,,,,,,,,
error,,,,,,,,,,,,,,,,,
error,,,,,,,,,,,,,,,,,
error,,,,,,,,,,,,,,,,,
error,,,,,,,,,,,,,,,,,
error,,,,,,,,,,,,,,,,,
error,,,,,,,,,,,,,,,,,
error,,,,,,,,,,,,,,,,,
error,,,,,,,,,,,,,,,,,
error,,,,,,,,,,,,,,,,,
error,,,,,,,,,,,,,,,,,
error,,,,,,,,,,,,,,,,,
error,,,,,,,,,,,,,,,,,
error,,,,,,,,,,,,,,,,,
error,,,,,,,,,,,,,,,,,
error,,,,,,,,,,,,,,,,,
error,,,,,,,,,,,,,,,,,
error,,,,,,,,,,,,,,,,,
error,,,,,,,,,,,,,,,,,
error,,,,,,,,,,,,,,,,,
error,,,,,,,,,,,,,,,,,
error,,,,,,,,,,,,,,,,,
error,,,,,,,,,,,,,,,,,
error,,,,,,,,,,,,,,,,,
error,,,,,,,,,,,,,,,,,
error,,,,,,,,,,,,,,,,,
error,,,,,,,,,,,,,,,,,
error,,,,,,,,,,,,,,,,,
error,,,,,,,,,,,,,,,,,
error,,,,,,,,,,,,,,,,,
error,,,,,,,,,,,,,,,,,
error,,,,,,,,,,,,,,,,,
error,,,,,,,,,,,,,,,,,
error,,,,,,,,,,,,,,,,,
error,,,,,,,,,,,,,,,,,
error,,,,,,,,,,,,,,,,,
error,,,,,,,,,,,,,,,,,
error,,,,,,,,,,,,,,,,,
error,,,,,,,,,,,,,,,,,
error,,,,,,,,,,,,,,,,,
error,,,,,,,,,,,,,,,,,
error,,,,,,,,,,,,,,,,,
error,,,,,,,,,,,,,,,,,
error,,,,,,,,,,,,,,,,,
error,,,,,,,,,,,,,,,,,
error,,,,,,,,,,,,,,,,,
error,,,,,,,,,,,,,,,,,
error,,,,,,,,,,,,,,,,,
error,,,,,,,,,,,,,,,,,
error,,,,,,,,,,,,,,,,,
error,,,,,,,,,,,,,,,,,
error,,,,,,,,,,,,,,,,,
error,,,,,,,,,,,,,,,,,
error,,,,,,,,,,,,,,,,,
error,,,,,,,,,,,,,,,,,
error,,,,,,,,,,,,,,,,,
error,,,,,,,,,,,,,,,,,
error,,,,,,,,,,,,,,,,,
error,,,,,,,,,,,,,,,,,
error,,,,,,,,,,,,,,,,,
error,,,,,,,,,,,,,,,,,
error,,,,,,,,,,,,,,,,,
error,,,,,,,,,,,,,,,,,
error,,,,,,,,,,,,,,,,,
error,,,,,,,,,,,,,,,,,
error,,,,,,,,,,,,,,,,,
error,,,,,,,,,,,,,,,,,
error,,,,,,,,,,,,,,,,,
error,,,,,,,,,,,,,,,,,
error,,,,,,,,,,,,,,,,,
error,,,,,,,,,,,,,,,,,
error,,,,,,,,,,,,,,,,,
error,,,,,,,,,,,,,,,,,
error,,,,,,,,,,,,,,,,,
error,,,,,,,,,,,,,,,,,
error,,,,,,,,,,,,,,,,,
error,,,,,,,,,,,,,,,,,
error,,,,,,,,,,,,,,,,,
error,,,,,,,,,,,,,,,,,
error,,,,,,,,,,,,,,,,,
error,,,,,,,,,,,,,,,,,
error,,,,,,,,,,,,,,,,,
error,,,,,,,,,,,,,,,,,
error,,,,,,,,,,,,,,,,,
error,,,,,,,,,,,,,,,,,
error,,,,,,,,,,,,,,,,,
error,,,,,,,,,,,,,,,,,
error,,,,,,,,,,,,,,,,,
error,,,,,,,,,,,,,,,,,
error,,,,,,,,,,,,,,,,,
error,,,,,,,,,,,,,,,,,
error,,,,,,,,,,,,,,,,,
error,,,,,,,,,,,,,,,,,
error,,,,,,,,,,,,,,,,,
error,,,,,,,,,,,,,,,,,
error,,,,,,,,,,,,,,,,,
error,,,,,,,,,,,,,,,,,
error,,,,,,,,,,,,,,,,,
error,,,,,,,,,,,,,,,,,
error,,,,,,,,,,,,,,,,,
error,,,,,,,,,,,,,,,,,
error,,,,,,,,,,,,,,,,,
error,,,,,,,,,,,,,,,,,
error,,,,,,,,,,,,,,,,,
error,,,,,,,,,,,,,,,,,
error,,,,,,,,,,,,,,,,,
error,,,,,,,,,,,,,,,,,
error,,,,,,,,,,,,,,,,,
error,,,,,,,,,,,,,,,,,
error,,,,,,,,,,,,,,,,,
error,,,,,,,,,,,,,,,,,
error,,,,,,,,,,,,,,,,,
error,,,,,,,,,,,,,,,,,
error,,,,,,,,,,,,,,,,,
error,,,,,,,,,,,,,,,,,
error,,,,,,,,,,,,,,,,,
error,,,,,,,,,,,,,,,,,
error,,,,,,,,,,,,,,,,,
error,,,,,,,,,,,,,,,,,
error,,,,,,,,,,,,,,,,,
error,,,,,,,,,,,,,,,,,
error,,,,,,,,,,,,,,,,,
error,,,,,,,,,,,,,,,,,
error,,,,,,,,,,,,,,,,,
error,,,,,,,,,,,,,,,,,
error,,,,,,,,,,,,,,,,,
error,,,,,,,,,,,,,,,,,
error,,,,,,,,,,,,,,,,,
error,,,,,,,,,,,,,,,,,
error,,,,,,,,,,,,,,,,,
error,,,,,,,,,,,,,,,,,
error,,,,,,,,,,,,,,,,,
error,,,,,,,,,,,,,,,,,
error,,,,,,,,,,,,,,,,,
error,,,,,,,,,,,,,,,,,
error,,,,,,,,,,,,,,,,,
error,,,,,,,,,,,,,,,,,
error,,,,,,,,,,,,,,,,,
error,,,,,,,,,,,,,,,,,
error,,,,,,,,,,,,,,,,,
error,,,,,,,,,,,,,,,,,
error,,,,,,,,,,,,,,,,,
error,,,,,,,,,,,,,,,,,
error,,,,,,,,,,,,,,,,,
error,,,,,,,,,,,,,,,,,
error,,,,,,,,,,,,,,,,,
error,,,,,,,,,,,,,,,,,
error,,,,,,,,,,,,,,,,,
error,,,,,,,,,,,,,,,,,
error,,,,,,,,,,,,,,,,,
error,,,,,,,,,,,,,,,,,
error,,,,,,,,,,,,,,,,,
error,,,,,,,,,,,,,,,,,
error,,,,,,,,,,,,,,,,,
error,,,,,,,,,,,,,,,,,
error,,,,,,,,,,,,,,,,,
error,,,,,,,,,,,,,,,,,
error,,,,,,,,,,,,,,,,,
error,,,,,,,,,,,,,,,,,
error,,,,,,,,,,,,,,,,,
error,,,,,,,,,,,,,,,,,
error,,,,,,,,,,,,,,,,,
error,,,,,,,,,,,,,,,,,
error,,,,,,,,,,,,,,,,,
error,,,,,,,,,,,,,,,,,
error,,,,,,,,,,,,,,,,,
error,,,,,,,,,,,,,,,,,
error,,,,,,,,,,,,,,,,,
error,,,,,,,,,,,,,,,,,
error,,,,,,,,,,,,,,,,,
error,,,,,,,,,,,,,,,,,
error,,,,,,,,,,,,,,,,,
error,,,,,,,,,,,,,,,,,
error,,,,,,,,,,,,,,,,,
error,,,,,,,,,,,,,,,,,
error,,,,,,,,,,,,,,,,,
error,,,,,,,,,,,,,,,,,
error,,,,,,,,,,,,,,,,,
error,,,,,,,,,,,,,,,,,
error,,,,,,,,,,,,,,,,,
error,,,,,,,,,,,,,,,,,
error,,,,,,,,,,,,,,,,,
error,,,,,,,,,,,,,,,,,
error,,,,,,,,,,,,,,,,,
error,,,,,,,,,,,,,,,,,
error,,,,,,,,,,,,,,,,,
error,,,,,,,,,,,,,,,,,
error,,,,,,,,,,,,,,,,,
error,,,,,,,,,,,,,,,,,
error,,,,,,,,,,,,,,,,,
error,,,,,,,,,,,,,,,,,
error,,,,,,,,,,,,,,,,,
error,,,,,,,,,,,,,,,,,
error,,,,,,,,,,,,,,,,,
error,,,,,,,,,,,,,,,,,
error,,,,,,,,,,,,,,,,,
error,,,,,,,,,,,,,,,,,
error,,,,,,,,,,,,,,,,,
error,,,,,,,,,,,,,,,,,
error,,,,,,,,,,,,,,,,,
error,,,,,,,,,,,,,,,,,
error,,,,,,,,,,,,,,,,,
error,,,,,,,,,,,,,,,,,
error,,,,,,,,,,,,,,,,,
error,,,,,,,,,,,,,,,,,
error,,,,,,,,,,,,,,,,,
error,,,,,,,,,,,,,,,,,
error,,,,,,,,,,,,,,,,,
error,,,,,,,,,,,,,,,,,
error,,,,,,,,,,,,,,,,,
error,,,,,,,,,,,,,,,,,
error,,,,,,,,,,,,,,,,,
error,,,,,,,,,,,,,,,,,
error,,,,,,,,,,,,,,,,,
error,,,,,,,,,,,,,,,,,
error,,,,,,,,,,,,,,,,,
error,,,,,,,,,,,,,,,,,
error,,,,,,,,,,,,,,,,,
error,,,,,,,,,,,,,,,,,
error,,,,,,,,,,,,,,,,,
error,,,,,,,,,,,,,,,,,
